Year,No of Employee
1023,150
1024,151
1025,152
1026,153
1027,154
1028,155
1029,156
1030,157
1031,158
1032,159
1033,160
1034,161
1035,162
1036,163
1037,164
1038,165
1039,166
1040,167
1041,168
1042,169
1043,170
1044,171
1045,172
1046,173
1047,174
1048,175
1049,176
1050,177
1051,178
1052,179
1053,180
1054,181
1055,182
1056,183
1057,184
1058,185
1059,186
1060,187
1061,188
1062,189
1063,190
1064,191
1065,192
1066,193
1067,194
1068,195
1069,196
1070,197
1071,198
1072,199
1073,200
1074,201
1075,202
1076,203
1077,204
1078,205
1079,206
1080,207
1081,208
1082,209
1083,210
1084,211
1085,212
1086,213
1087,214
1088,215
1089,216
1090,217
1091,218
1092,219
1093,220
1094,221
1095,222
1096,223
1097,224
1098,225
1099,226
1100,227
1101,228
1102,229
1103,230
1104,231
1105,232
1106,233
1107,234
1108,235
1109,236
1110,237
1111,238
1112,239
1113,240
1114,241
1115,242
1116,243
1117,244
1118,245
1119,246
1120,247
1121,248
1122,249
1123,250
1124,251
1125,252
1126,253
1127,254
1128,255
1129,256
1130,257
1131,258
1132,259
1133,260
1134,261
1135,262
1136,263
1137,264
1138,265
1139,266
1140,267
1141,268
1142,269
1143,270
1144,271
1145,272
1146,273
1147,274
1148,275
1149,276
1150,277
1151,278
1152,279
1153,280
1154,281
1155,282
1156,283
1157,284
1158,285
1159,286
1160,287
1161,288
1162,289
1163,290
1164,291
1165,292
1166,293
1167,294
1168,295
1169,296
1170,297
1171,298
1172,299
1173,300
1174,301
1175,302
1176,303
1177,304
1178,305
1179,306
1180,307
1181,308
1182,309
1183,310
1184,311
1185,312
1186,313
1187,314
1188,315
1189,316
1190,317
1191,318
1192,319
1193,320
1194,321
1195,322
1196,323
1197,324
1198,325
1199,326
1200,327
1201,328
1202,329
1203,330
1204,331
1205,332
1206,333
1207,334
1208,335
1209,336
1210,337
1211,338
1212,339
1213,340
1214,341
1215,342
1216,343
1217,344
1218,345
1219,346
1220,347
1221,348
1222,349
1223,350
1224,351
1225,352
1226,353
1227,354
1228,355
1229,356
1230,357
1231,358
1232,359
1233,360
1234,361
1235,362
1236,363
1237,364
1238,365
1239,366
1240,367
1241,368
1242,369
1243,370
1244,371
1245,372
1246,373
1247,374
1248,375
1249,376
1250,377
1251,378
1252,379
1253,380
1254,381
1255,382
1256,383
1257,384
1258,385
1259,386
1260,387
1261,388
1262,389
1263,390
1264,391
1265,392
1266,393
1267,394
1268,395
1269,396
1270,397
1271,398
1272,399
1273,400
1274,401
1275,402
1276,403
1277,404
1278,405
1279,406
1280,407
1281,408
1282,409
1283,410
1284,411
1285,412
1286,413
1287,414
1288,415
1289,416
1290,417
1291,418
1292,419
1293,420
1294,421
1295,422
1296,423
1297,424
1298,425
1299,426
1300,427
1301,428
1302,429
1303,430
1304,431
1305,432
1306,433
1307,434
1308,435
1309,436
1310,437
1311,438
1312,439
1313,440
1314,441
1315,442
1316,443
1317,444
1318,445
1319,446
1320,447
1321,448
1322,449
1323,450
1324,451
1325,452
1326,453
1327,454
1328,455
1329,456
1330,457
1331,458
1332,459
1333,460
1334,461
1335,462
1336,463
1337,464
1338,465
1339,466
1340,467
1341,468
1342,469
1343,470
1344,471
1345,472
1346,473
1347,474
1348,475
1349,476
1350,477
1351,478
1352,479
1353,480
1354,481
1355,482
1356,483
1357,484
1358,485
1359,486
1360,487
1361,488
1362,489
1363,490
1364,491
1365,492
1366,493
1367,494
1368,495
1369,496
1370,497
1371,498
1372,499
1373,500
1374,501
1375,502
1376,503
1377,504
1378,505
1379,506
1380,507
1381,508
1382,509
1383,510
1384,511
1385,512
1386,513
1387,514
1388,515
1389,516
1390,517
1391,518
1392,519
1393,520
1394,521
1395,522
1396,523
1397,524
1398,525
1399,526
1400,527
1401,528
1402,529
1403,530
1404,531
1405,532
1406,533
1407,534
1408,535
1409,536
1410,537
1411,538
1412,539
1413,540
1414,541
1415,542
1416,543
1417,544
1418,545
1419,546
1420,547
1421,548
1422,549
1423,550
1424,551
1425,552
1426,553
1427,554
1428,555
1429,556
1430,557
1431,558
1432,559
1433,560
1434,561
1435,562
1436,563
1437,564
1438,565
1439,566
1440,567
1441,568
1442,569
1443,570
1444,571
1445,572
1446,573
1447,574
1448,575
1449,576
1450,577
1451,578
1452,579
1453,580
1454,581
1455,582
1456,583
1457,584
1458,585
1459,586
1460,587
1461,588
1462,589
1463,590
1464,591
1465,592
1466,593
1467,594
1468,595
1469,596
1470,597
1471,598
1472,599
1473,600
1474,601
1475,602
1476,603
1477,604
1478,605
1479,606
1480,607
1481,608
1482,609
1483,610
1484,611
1485,612
1486,613
1487,614
1488,615
1489,616
1490,617
1491,618
1492,619
1493,620
1494,621
1495,622
1496,623
1497,624
1498,625
1499,626
1500,627
1501,628
1502,629
1503,630
1504,631
1505,632
1506,633
1507,634
1508,635
1509,636
1510,637
1511,638
1512,639
1513,640
1514,641
1515,642
1516,643
1517,644
1518,645
1519,646
1520,647
1521,648
1522,649
1523,650
1524,651
1525,652
1526,653
1527,654
1528,655
1529,656
1530,657
1531,658
1532,659
1533,660
1534,661
1535,662
1536,663
1537,664
1538,665
1539,666
1540,667
1541,668
1542,669
1543,670
1544,671
1545,672
1546,673
1547,674
1548,675
1549,676
1550,677
1551,678
1552,679
1553,680
1554,681
1555,682
1556,683
1557,684
1558,685
1559,686
1560,687
1561,688
1562,689
1563,690
1564,691
1565,692
1566,693
1567,694
1568,695
1569,696
1570,697
1571,698
1572,699
1573,700
1574,701
1575,702
1576,703
1577,704
1578,705
1579,706
1580,707
1581,708
1582,709
1583,710
1584,711
1585,712
1586,713
1587,714
1588,715
1589,716
1590,717
1591,718
1592,719
1593,720
1594,721
1595,722
1596,723
1597,724
1598,725
1599,726
1600,727
1601,728
1602,729
1603,730
1604,731
1605,732
1606,733
1607,734
1608,735
1609,736
1610,737
1611,738
1612,739
1613,740
1614,741
1615,742
1616,743
1617,744
1618,745
1619,746
1620,747
1621,748
1622,749
1623,750
1624,751
1625,752
1626,753
1627,754
1628,755
1629,756
1630,757
1631,758
1632,759
1633,760
1634,761
1635,762
1636,763
1637,764
1638,765
1639,766
1640,767
1641,768
1642,769
1643,770
1644,771
1645,772
1646,773
1647,774
1648,775
1649,776
1650,777
1651,778
1652,779
1653,780
1654,781
1655,782
1656,783
1657,784
1658,785
1659,786
1660,787
1661,788
1662,789
1663,790
1664,791
1665,792
1666,793
1667,794
1668,795
1669,796
1670,797
1671,798
1672,799
1673,800
1674,801
1675,802
1676,803
1677,804
1678,805
1679,806
1680,807
1681,808
1682,809
1683,810
1684,811
1685,812
1686,813
1687,814
1688,815
1689,816
1690,817
1691,818
1692,819
1693,820
1694,821
1695,822
1696,823
1697,824
1698,825
1699,826
1700,827
1701,828
1702,829
1703,830
1704,831
1705,832
1706,833
1707,834
1708,835
1709,836
1710,837
1711,838
1712,839
1713,840
1714,841
1715,842
1716,843
1717,844
1718,845
1719,846
1720,847
1721,848
1722,849
1723,850
1724,851
1725,852
1726,853
1727,854
1728,855
1729,856
1730,857
1731,858
1732,859
1733,860
1734,861
1735,862
1736,863
1737,864
1738,865
1739,866
1740,867
1741,868
1742,869
1743,870
1744,871
1745,872
1746,873
1747,874
1748,875
1749,876
1750,877
1751,878
1752,879
1753,880
1754,881
1755,882
1756,883
1757,884
1758,885
1759,886
1760,887
1761,888
1762,889
1763,890
1764,891
1765,892
1766,893
1767,894
1768,895
1769,896
1770,897
1771,898
1772,899
1773,900
1774,901
1775,902
1776,903
1777,904
1778,905
1779,906
1780,907
1781,908
1782,909
1783,910
1784,911
1785,912
1786,913
1787,914
1788,915
1789,916
1790,917
1791,918
1792,919
1793,920
1794,921
1795,922
1796,923
1797,924
1798,925
1799,926
1800,927
1801,928
1802,929
1803,930
1804,931
1805,932
1806,933
1807,934
1808,935
1809,936
1810,937
1811,938
1812,939
1813,940
1814,941
1815,942
1816,943
1817,944
1818,945
1819,946
1820,947
1821,948
1822,949
1823,950
1824,951
1825,952
1826,953
1827,954
1828,955
1829,956
1830,957
1831,958
1832,959
1833,960
1834,961
1835,962
1836,963
1837,964
1838,965
1839,966
1840,967
1841,968
1842,969
1843,970
1844,971
1845,972
1846,973
1847,974
1848,975
1849,976
1850,977
1851,978
1852,979
1853,980
1854,981
1855,982
1856,983
1857,984
1858,985
1859,986
1860,987
1861,988
1862,989
1863,990
1864,991
1865,992
1866,993
1867,994
1868,995
1869,996
1870,997
1871,998
1872,999
1873,1000
1874,1001
1875,1002
1876,1003
1877,1004
1878,1005
1879,1006
1880,1007
1881,1008
1882,1009
1883,1010
1884,1011
1885,1012
1886,1013
1887,1014
1888,1015
1889,1016
1890,1017
1891,1018
1892,1019
1893,1020
1894,1021
1895,1022
1896,1023
1897,1024
1898,1025
1899,1026
1900,1027
1901,1028
1902,1029
1903,1030
1904,1031
1905,1032
1906,1033
1907,1034
1908,1035
1909,1036
1910,1037
1911,1038
1912,1039
1913,1040
1914,1041
1915,1042
1916,1043
1917,1044
1918,1045
1919,1046
1920,1047
1921,1048
1922,1049
1923,1050
1924,1051
1925,1052
1926,1053
1927,1054
1928,1055
1929,1056
1930,1057
1931,1058
1932,1059
1933,1060
1934,1061
1935,1062
1936,1063
1937,1064
1938,1065
1939,1066
1940,1067
1941,1068
1942,1069
1943,1070
1944,1071
1945,1072
1946,1073
1947,1074
1948,1075
1949,1076
1950,1077
1951,1078
1952,1079
1953,1080
1954,1081
1955,1082
1956,1083
1957,1084
1958,1085
1959,1086
1960,1087
1961,1088
1962,1089
1963,1090
1964,1091
1965,1092
1966,1093
1967,1094
1968,1095
1969,1096
1970,1097
1971,1098
1972,1099
1973,1100
1974,1101
1975,1102
1976,1103
1977,1104
1978,1105
1979,1106
1980,1107
1981,1108
1982,1109
1983,1110
1984,1111
1985,1112
1986,1113
1987,1114
1988,1115
1989,1116
1990,1117
1991,1118
1992,1119
1993,1120
1994,1121
1995,1122
1996,1123
1997,1124
1998,1125
1999,1126
2000,1127
2001,1128
2002,1129
2003,1130
2004,1131
2005,1132
2006,1133
2007,1134
2008,1135
2009,1136
2010,1137
2011,1138
2012,1139
2013,1140
2014,1141
2015,1142
2016,1143
2017,1144
2018,1145
2019,1146
2020,1147
2021,1148
2022,1149
